{"cameraMode":{"drawMode":0,"name":"Shaded","section":"Shading Mode"},"sceneLighting":false,"audioPlay":false,"sceneViewState":{"showFog":true,"showMaterialUpdate":false,"showSkybox":true,"showFlares":true,"showImageEffects":true,"showParticleSystems":true},"in2DMode":false,"pivot":{"x":9.999971389770508,"y":-0.0973978042602539,"z":-10.000137329101563},"rotation":{"x":0.5431827306747437,"y":0.2194082885980606,"z":-0.1496260166168213,"w":0.7965077757835388},"size":245.36807250976563,"orthographic":false}