{"cameraMode":{"drawMode":0,"name":"Shaded","section":"Shading Mode"},"sceneLighting":true,"audioPlay":false,"sceneViewState":{"showFog":true,"showMaterialUpdate":false,"showSkybox":true,"showFlares":true,"showImageEffects":true,"showParticleSystems":true},"in2DMode":false,"pivot":{"x":-14.924139022827149,"y":-25.00560760498047,"z":-15.571468353271485},"rotation":{"x":-0.027145734056830407,"y":-0.8349934220314026,"z":0.5480315685272217,"w":-0.04135901480913162},"size":76.91334533691406,"orthographic":false}