{"cameraMode":{"drawMode":0,"name":"Shaded","section":"Shading Mode"},"sceneLighting":false,"audioPlay":false,"sceneViewState":{"showFog":true,"showMaterialUpdate":false,"showSkybox":true,"showFlares":true,"showImageEffects":true,"showParticleSystems":true},"in2DMode":false,"pivot":{"x":-18.815000534057618,"y":1.9500000476837159,"z":-24.51799964904785},"rotation":{"x":0.0129514429718256,"y":-0.9809914231300354,"z":0.18034645915031434,"w":0.07045040279626847},"size":0.36956390738487246,"orthographic":false}