{"cameraMode":{"drawMode":0,"name":"Shaded","section":"Shading Mode"},"sceneLighting":true,"audioPlay":false,"sceneViewState":{"showFog":true,"showMaterialUpdate":false,"showSkybox":true,"showFlares":true,"showImageEffects":true,"showParticleSystems":true},"in2DMode":false,"pivot":{"x":-22.553482055664064,"y":6.285984039306641,"z":-19.593231201171876},"rotation":{"x":0.21208606660366059,"y":0.0665043443441391,"z":-0.01446740236133337,"w":0.9748781323432922},"size":5.44990348815918,"orthographic":false}