{"cameraMode":{"drawMode":0,"name":"Shaded","section":"Shading Mode"},"sceneLighting":false,"audioPlay":false,"sceneViewState":{"showFog":true,"showMaterialUpdate":false,"showSkybox":true,"showFlares":true,"showImageEffects":true,"showParticleSystems":true},"in2DMode":false,"pivot":{"x":-2.6599984169006349,"y":1.5561470985412598,"z":0.0},"rotation":{"x":0.004521057475358248,"y":-0.9678051471710205,"z":0.25105559825897219,"w":0.017430229112505914},"size":8.2560396194458,"orthographic":false}