{"cameraMode":{"drawMode":0,"name":"Shaded","section":"Shading Mode"},"sceneLighting":false,"audioPlay":false,"sceneViewState":{"showFog":true,"showMaterialUpdate":false,"showSkybox":true,"showFlares":true,"showImageEffects":true,"showParticleSystems":true},"in2DMode":false,"pivot":{"x":-18.815000534057618,"y":1.9500000476837159,"z":-24.51799964904785},"rotation":{"x":0.0014859389048069716,"y":0.9904338717460632,"z":-0.1375652551651001,"w":0.010697655379772187},"size":0.36956390738487246,"orthographic":false}