{"cameraMode":{"drawMode":0,"name":"Shaded","section":"Shading Mode"},"sceneLighting":false,"audioPlay":false,"sceneViewState":{"showFog":true,"showMaterialUpdate":false,"showSkybox":true,"showFlares":true,"showImageEffects":true,"showParticleSystems":true},"in2DMode":false,"pivot":{"x":0.4194951057434082,"y":1.4999998807907105,"z":0.0},"rotation":{"x":-0.0012950081145390869,"y":0.951248288154602,"z":-0.30839774012565615,"w":-0.003994754049926996},"size":9.143329620361329,"orthographic":false}